{
  "bm25": {
    "mrr": 0.6492996031746031,
    "ndcg_10": 0.6799564370439238,
    "recall_10": 0.776,
    "latency_p50": 24.88553524017334,
    "latency_p95": 160.24738550186154
  },
  "dense": {
    "mrr": 0.7573936507936507,
    "ndcg_10": 0.7881931460829439,
    "recall_10": 0.884,
    "latency_p50": 13.589024543762207,
    "latency_p95": 38.09038400650024
  },
  "hybrid": {
    "mrr": 0.782254761904762,
    "ndcg_10": 0.8084826585351268,
    "recall_10": 0.891,
    "latency_p50": 43.92552375793457,
    "latency_p95": 176.3579607009887
  }
}